Date,positive,negative,naver_trend
2020-01-01,0,0,3.94921
2020-01-02,0,0,4.1182
2020-01-03,0,0,4.239
2020-01-04,0,0,4.23541
2020-01-05,0,0,4.85598
2020-01-06,0,0,4.6212
2020-01-07,0,0,4.76466
2020-01-08,0,0,5.37552
2020-01-09,0,0,4.90236
2020-01-10,0,0,4.94623
2020-01-11,0,0,4.06714
2020-01-12,0,0,3.73097
2020-01-13,0,0,3.95173
2020-01-14,0,0,6.67886
2020-01-15,0,0,5.24572
2020-01-16,0,0,4.9678
2020-01-17,0,0,4.48817
2020-01-18,0,0,5.51143
2020-01-19,0,0,4.48673
2020-01-20,0,0,4.15164
2020-01-21,0,0,4.1635
2020-01-22,0,0,4.97319
2020-01-23,0,0,5.86737
2020-01-24,0,0,4.77544
2020-01-25,0,0,5.08789
2020-01-26,0,0,4.15235
2020-01-27,0,0,4.06067
2020-01-28,0,0,4.54354
2020-01-29,0,0,4.71612
2020-01-30,0,0,30.11997
2020-01-31,0,0,6.59689
2020-02-01,0,0,4.36772
2020-02-02,0,0,3.99488
2020-02-03,0,0,4.5856
2020-02-04,0,0,96.70586
2020-02-05,17.02127,0,56.60965
2020-02-06,0,0,21.39423
2020-02-07,0,0,9.6023
2020-02-08,0,0,6.29092
2020-02-09,0,0,5.82818
2020-02-10,0,0,7.86499
2020-02-11,0,0,9.97048
2020-02-12,0,0,8.70525
2020-02-13,0,0,7.4979
2020-02-14,0,0,7.74778
2020-02-15,0,0,6.2377
2020-02-16,0,0,6.56165
2020-02-17,0,0,6.13703
2020-02-18,0,0,6.45127
2020-02-19,0,0,8.90983
2020-02-20,0,0,7.70859
2020-02-21,0,0,6.18305
2020-02-22,0,0,4.84951
2020-02-23,0,0,4.29797
2020-02-24,0,0,4.82722
2020-02-25,0,0,5.36401
2020-02-26,0,0,5.42693
2020-02-27,0,0,5.07278
2020-02-28,0,0,5.88391
2020-02-29,0,0,4.62443
2020-03-01,0,0,4.20665
2020-03-02,0,0,5.33921
2020-03-03,0,0,6.53001
2020-03-04,0,0,6.27725
2020-03-05,0,0,7.20487
2020-03-06,0,0,6.15573
2020-03-07,0,0,5.64266
2020-03-08,0,0,5.54918
2020-03-09,0,0,6.57747
2020-03-10,0,0,6.98411
2020-03-11,0,0,6.08598
2020-03-12,0,0,6.3941
2020-03-13,0,0,7.22393
2020-03-14,0,0,6.41172
2020-03-15,0,0,6.62817
2020-03-16,0,0,7.04056
2020-03-17,0,0,8.21735
2020-03-18,0,0,7.57197
2020-03-19,0,0,9.30712
2020-03-20,0,0,8.89904
2020-03-21,0,0,6.53433
2020-03-22,0,0,6.00544
2020-03-23,0,0,7.40442
2020-03-24,0,0,6.96686
2020-03-25,0,0,7.40298
2020-03-26,0,0,6.62889
2020-03-27,0,0,6.54835
2020-03-28,0,0,6.10287
2020-03-29,0,0,5.86378
2020-03-30,0,0,6.5426
2020-03-31,0,0,7.14123
2020-04-01,0,0,6.78816
2020-04-02,0,0,7.06142
2020-04-03,0,0,9.89929
2020-04-04,0,0,7.86284
2020-04-05,0,0,8.67001
2020-04-06,0,0,8.43667
2020-04-07,0,0,9.32438
2020-04-08,0,0,9.04681
2020-04-09,0,0,8.43667
2020-04-10,0,0,7.32316
2020-04-11,0,0,6.77378
2020-04-12,0,0,6.68318
2020-04-13,0,0,7.78374
2020-04-14,14.89361,0,12.54552
2020-04-15,0,0,9.32546
2020-04-16,0,0,9.30532
2020-04-17,0,0,10.34045
2020-04-18,0,0,9.11009
2020-04-19,0,0,9.10685
2020-04-20,0,0,9.31467
2020-04-21,0,0,11.322
2020-04-22,0,0,10.27249
2020-04-23,0,0,8.81275
2020-04-24,0,0,9.72814
2020-04-25,0,0,9.59763
2020-04-26,0,0,8.26265
2020-04-27,0,0,8.32593
2020-04-28,14.89361,0,16.20962
2020-04-29,0,0,7.49215
2020-04-30,0,0,8.78291
2020-05-01,0,0,7.6205
2020-05-02,0,0,10.54035
2020-05-03,0,0,7.6863
2020-05-04,0,0,7.39255
2020-05-05,0,0,7.0909
2020-05-06,0,0,7.02834
2020-05-07,0,0,6.81081
2020-05-08,0,0,7.12901
2020-05-09,0,0,7.64208
2020-05-10,0,0,10.86394
2020-05-11,0,0,8.87675
2020-05-12,0,0,9.04393
2020-05-13,0,0,8.46183
2020-05-14,0,0,7.3131
2020-05-15,0,0,6.48687
2020-05-16,0,0,7.11211
2020-05-17,0,0,7.07076
2020-05-18,0,0,7.80783
2020-05-19,0,0,8.21663
2020-05-20,0,0,8.38525
2020-05-21,0,0,7.00748
2020-05-22,0,0,6.78313
2020-05-23,0,0,6.14566
2020-05-24,0,0,6.32795
2020-05-25,0,0,7.85385
2020-05-26,0,0,9.29849
2020-05-27,0,0,8.62507
2020-05-28,0,0,9.01661
2020-05-29,0,0,9.07917
2020-05-30,0,0,7.47453
2020-05-31,0,0,14.51869
2020-06-01,0,0,13.03522
2020-06-02,0,0,11.06924
2020-06-03,0,0,9.59691
2020-06-04,0,0,8.15766
2020-06-05,0,0,7.57484
2020-06-06,0,0,6.78385
2020-06-07,0,0,6.68641
2020-06-08,0,0,7.2491
2020-06-09,0,0,11.35579
2020-06-10,0,0,10.00068
2020-06-11,0,0,21.14327
2020-06-12,0,0,10.2822
2020-06-13,0,0,10.47563
2020-06-14,0,0,11.25548
2020-06-15,0,0,11.27562
2020-06-16,0,0,9.37903
2020-06-17,0,0,9.17193
2020-06-18,0,0,9.01445
2020-06-19,0,0,8.84942
2020-06-20,0,0,93.13488
2020-06-21,0,0,30.32132
2020-06-22,0,0,23.00858
2020-06-23,0,0,15.75516
2020-06-24,0,0,13.45229
2020-06-25,0,0,11.84405
2020-06-26,0,0,11.79192
2020-06-27,0,0,12.42831
2020-06-28,0,0,10.78736
2020-06-29,0,0,9.72563
2020-06-30,0,0,10.31276
2020-07-01,0,0,11.66356
2020-07-02,0,0,15.91839
2020-07-03,0,0,22.77595
2020-07-04,0,0,11.96666
2020-07-05,0,0,11.30798
2020-07-06,0,0,13.79493
2020-07-07,0,0,30.90881
2020-07-08,0,0,19.7504
2020-07-09,0,0,18.53515
2020-07-10,0,0,14.11205
2020-07-11,0,0,33.3217
2020-07-12,0,0,18.66961
2020-07-13,0,0,31.88749
2020-07-14,0,0,47.22522
2020-07-15,0,0,28.23237
2020-07-16,0,0,19.51454
2020-07-17,0,0,16.18374
2020-07-18,0,0,14.15591
2020-07-19,0,0,14.07322
2020-07-20,0,0,14.76462
2020-07-21,0,0,19.84101
2020-07-22,0,0,22.55376
2020-07-23,0,0,53.05521
2020-07-24,0,0,19.24524
2020-07-25,0,0,13.54361
2020-07-26,0,0,16.7119
2020-07-27,0,0,16.44656
2020-07-28,0,0,16.76296
2020-07-29,0,0,13.27971
2020-07-30,0,0,11.40002
2020-07-31,0,0,11.32092
2020-08-01,0,0,11.35867
2020-08-02,0,0,9.12016
2020-08-03,0,0,10.37568
2020-08-04,0,0,9.66666
2020-08-05,0,0,11.40469
2020-08-06,0,0,11.77071
2020-08-07,0,0,12.21618
2020-08-08,0,0,9.25894
2020-08-09,0,0,8.38633
2020-08-10,0,0,11.59201
2020-08-11,0,0,12.36935
2020-08-12,0,10.63829,32.18771
2020-08-13,0,0,18.88534
2020-08-14,0,0,15.34456
2020-08-15,0,0,10.05425
2020-08-16,0,0,8.84834
2020-08-17,0,0,10.98547
2020-08-18,0,0,32.85034
2020-08-19,0,0,16.87693
2020-08-20,0,0,13.2531
2020-08-21,0,0,25.29347
2020-08-22,0,0,14.16203
2020-08-23,0,0,11.61934
2020-08-24,0,0,16.34948
2020-08-25,0,0,17.2052
2020-08-26,0,0,14.7995
2020-08-27,0,0,18.33344
2020-08-28,0,0,19.68892
2020-08-29,0,0,13.53786
2020-08-30,0,0,11.53772
2020-08-31,0,0,22.14136
2020-09-01,14.89361,0,74.97222
2020-09-02,0,0,47.19826
2020-09-03,0,0,42.52204
2020-09-04,0,0,42.95925
2020-09-05,0,100.0,36.51912
2020-09-06,0,0,14.86781
2020-09-07,0,21.27659,20.05134
2020-09-08,0,0,38.66667
2020-09-09,19.14893,31.91489,100.0
2020-09-10,0,0,47.57542
2020-09-11,0,0,31.85693
2020-09-12,0,10.63829,20.30374
2020-09-13,0,0,12.90938
2020-09-14,0,0,21.80339
2020-09-15,0,0,31.9842
2020-09-16,0,0,27.91885
2020-09-17,0,0,22.66881
2020-09-18,0,0,19.35598
2020-09-19,0,0,15.86302
2020-09-20,0,0,10.72803
2020-09-21,0,0,24.62364
2020-09-22,0,0,48.13918
2020-09-23,0,0,85.99401
2020-09-24,0,0,46.46659
2020-09-25,0,0,24.33385
2020-09-26,0,0,14.6413
2020-09-27,0,0,10.14018
2020-09-28,0,0,14.82538
2020-09-29,0,0,16.03309
2020-09-30,0,0,13.2114
2020-10-01,0,0,16.1992
2020-10-02,0,0,17.57265
2020-10-03,10.63829,0,17.87035
2020-10-04,0,0,11.59417
2020-10-05,0,0,13.23513
2020-10-06,0,0,14.56364
2020-10-07,0,0,13.28618
2020-10-08,0,0,12.37762
2020-10-09,0,0,10.22899
2020-10-10,0,0,10.02333
2020-10-11,0,0,7.80962
2020-10-12,0,0,10.41271
2020-10-13,0,0,12.98776
2020-10-14,0,0,12.36791
2020-10-15,0,0,14.88974
2020-10-16,0,0,13.05751
2020-10-17,0,0,9.81623
2020-10-18,0,0,8.82533
2020-10-19,0,0,11.95875
2020-10-20,0,0,17.77831
2020-10-21,0,0,22.72957
2020-10-22,0,0,28.25251
2020-10-23,0,0,14.19331
2020-10-24,0,0,11.68586
2020-10-25,0,0,9.76877
2020-10-26,0,0,12.26544
2020-10-27,0,0,13.19414
2020-10-28,0,0,14.19762
2020-10-29,0,0,15.87129
2020-10-30,0,0,14.63231
2020-10-31,0,0,13.50622
2020-11-01,0,0,11.45071
2020-11-02,0,0,9.6832
2020-11-03,0,0,10.27645
2020-11-04,0,0,10.43572
2020-11-05,0,0,10.20634
2020-11-06,0,0,8.98641
2020-11-07,0,0,7.8783
2020-11-08,0,0,7.08515
2020-11-09,0,0,9.24959
2020-11-10,0,0,11.3637
2020-11-11,0,0,9.67385
2020-11-12,10.63829,0,9.78459
2020-11-13,0,0,8.19505
2020-11-14,0,0,7.42995
2020-11-15,0,0,6.58286
2020-11-16,0,0,9.11728
2020-11-17,0,0,45.4329
2020-11-18,0,0,17.21778
2020-11-19,21.27659,0,23.5691
2020-11-20,0,0,15.61782
2020-11-21,0,0,9.21292
2020-11-22,0,0,8.03901
2020-11-23,0,14.89361,10.74421
2020-11-24,0,0,20.11174
2020-11-25,0,0,22.03673
2020-11-26,0,0,19.04246
2020-11-27,0,0,14.5453
2020-11-28,0,0,15.34169
2020-11-29,0,0,9.9241
2020-11-30,0,0,13.78594
2020-12-01,0,0,18.64624
2020-12-02,0,0,19.31643
2020-12-03,0,0,16.03632
2020-12-04,0,0,14.18432
2020-12-05,0,0,12.26867
2020-12-06,0,0,9.08384
2020-12-07,0,0,12.55199
2020-12-08,0,0,42.94523
2020-12-09,0,0,27.48524
2020-12-10,0,0,44.94285
2020-12-11,0,0,44.80119
2020-12-12,0,0,16.58642
2020-12-13,0,0,10.8154
2020-12-14,0,0,13.1794
2020-12-15,0,0,15.00084
2020-12-16,0,0,15.34672
2020-12-17,0,0,13.2416
2020-12-18,0,0,18.09866
2020-12-19,0,0,27.12858
2020-12-20,0,0,11.03149
2020-12-21,0,0,21.34353
2020-12-22,0,0,28.59048
2020-12-23,0,0,23.80928
2020-12-24,0,0,16.97833
2020-12-25,0,0,9.87268
2020-12-26,0,0,7.98544
2020-12-27,0,0,8.63873
2020-12-28,0,10.63829,12.13528
2020-12-29,0,0,13.58388
2020-12-30,0,0,12.42651
2020-12-31,0,0,13.08304
2021-01-01,0,0,11.89583
2021-01-02,0,0,10.72264
2021-01-03,0,10.63829,13.27827
2021-01-04,0,0,17.78334
2021-01-05,0,0,23.16498
2021-01-06,0,0,19.64721
2021-01-07,10.63829,0,21.44313
2021-01-08,12.76595,0,62.34148
2021-01-09,12.76595,10.63829,39.00176
2021-01-10,0,10.63829,20.2854
2021-01-11,0,0,35.84821
2021-01-12,0,0,43.33533
2021-01-13,0,0,35.98663
2021-01-14,0,0,41.71199
2021-01-15,0,0,29.69931
2021-01-16,12.76595,0,19.75076
2021-01-17,0,0,14.63195
2021-01-18,0,0,19.51274
2021-01-19,0,0,20.09808
2021-01-20,0,0,20.74526
2021-01-21,0,0,22.2708
2021-01-22,0,0,19.38618
2021-01-23,0,0,14.98574
2021-01-24,0,0,11.62222
2021-01-25,0,0,23.63562
2021-01-26,0,0,28.67317
2021-01-27,0,0,22.40634
2021-01-28,0,0,35.88884
2021-01-29,0,0,24.14797
2021-01-30,0,0,19.95678
2021-01-31,0,0,11.58231
2021-02-01,0,0,15.83174
2021-02-02,0,0,19.72703
2021-02-03,0,0,23.67912
2021-02-04,0,0,17.0603
2021-02-05,0,0,15.5175
2021-02-06,0,0,13.52204
2021-02-07,0,0,11.25764
2021-02-08,0,0,21.08359
2021-02-09,10.63829,0,36.7539
2021-02-10,0,0,20.20558
2021-02-11,0,0,25.75441
2021-02-12,0,0,41.97518
2021-02-13,0,0,30.35332
2021-02-14,0,0,24.82391
2021-02-15,0,0,29.21249
2021-02-16,0,0,26.57812
2021-02-17,0,0,37.18895
2021-02-18,0,0,34.42586
2021-02-19,0,0,24.37592
2021-02-20,0,0,20.78768
2021-02-21,0,0,17.91422
2021-02-22,0,0,23.92397
2021-02-23,0,0,75.32745
2021-02-24,0,0,62.59748
2021-02-25,0,0,35.32364
2021-02-26,0,0,38.96149
2021-02-27,0,0,25.18849
2021-02-28,0,0,18.71959
2021-03-01,0,0,16.34517
2021-03-02,0,0,23.31742
2021-03-03,0,0,21.93067
2021-03-04,0,0,27.95661
2021-03-05,0,0,34.76347
2021-03-06,0,0,52.63059
2021-03-07,0,0,23.23976
2021-03-08,0,0,32.21863
2021-03-09,10.63829,0,51.2895
2021-03-10,23.40425,0,64.20355
2021-03-11,0,0,36.59678
2021-03-12,0,0,30.17067
2021-03-13,0,0,21.51072
2021-03-14,0,0,15.25216
2021-03-15,0,0,22.08707
2021-03-16,0,0,24.89618
2021-03-17,0,0,23.16714
2021-03-18,0,0,21.89867
2021-03-19,0,0,23.81072
2021-03-20,0,0,17.14731
2021-03-21,0,0,13.77192
2021-03-22,0,0,18.17884
2021-03-23,0,0,21.99071
2021-03-24,0,0,22.5045
2021-03-25,0,0,24.30257
2021-03-26,0,0,18.40967
2021-03-27,0,0,17.48276
2021-03-28,0,0,10.77873
2021-03-29,0,0,15.64406
2021-03-30,0,0,20.90489
2021-03-31,0,0,19.79606
2021-04-01,0,0,21.28565
2021-04-02,0,0,19.52712
2021-04-03,0,0,14.88758
2021-04-04,0,0,11.12533
2021-04-05,0,0,19.01118
2021-04-06,0,0,20.35803
2021-04-07,0,0,17.23144
2021-04-08,0,0,15.79795
2021-04-09,0,0,14.22063
2021-04-10,0,0,12.28198
2021-04-11,0,0,9.76841
2021-04-12,0,0,13.50227
2021-04-13,0,0,18.61676
2021-04-14,19.14893,0,28.86337
2021-04-15,0,0,19.63175
2021-04-16,0,0,18.54234
2021-04-17,0,0,15.44811
2021-04-18,0,0,11.79659
2021-04-19,0,0,20.9315
2021-04-20,0,0,23.35086
2021-04-21,0,0,17.59494
2021-04-22,0,0,17.03082
2021-04-23,0,0,18.35142
2021-04-24,0,0,13.35162
2021-04-25,0,0,10.03843
2021-04-26,0,0,14.76282
2021-04-27,0,0,27.57082
2021-04-28,0,0,18.57505
2021-04-29,0,0,15.40676
2021-04-30,0,0,15.03715
2021-05-01,0,0,11.87282
2021-05-02,0,0,10.40121
2021-05-03,0,0,11.73763
2021-05-04,0,0,13.89021
2021-05-05,0,0,13.2718
2021-05-06,0,0,14.27348
2021-05-07,0,0,13.83448
2021-05-08,0,0,11.81098
2021-05-09,0,10.63829,10.95023
2021-05-10,0,0,12.9705
2021-05-11,0,0,23.59176
2021-05-12,0,0,18.51861
2021-05-13,0,0,36.71471
2021-05-14,0,0,32.75039
2021-05-15,0,0,26.43142
2021-05-16,0,0,14.03439
2021-05-17,0,0,26.51987
2021-05-18,0,12.76595,25.79036
2021-05-19,0,10.63829,22.91546
2021-05-20,0,0,24.09799
2021-05-21,0,0,16.91505
2021-05-22,0,0,13.08807
2021-05-23,0,0,10.04706
2021-05-24,0,0,13.57453
2021-05-25,0,0,15.11589
2021-05-26,0,0,13.00142
2021-05-27,0,0,12.99855
2021-05-28,0,0,12.73177
2021-05-29,0,0,10.18548
2021-05-30,0,0,7.7823
2021-05-31,0,0,9.79933
2021-06-01,0,0,10.79347
2021-06-02,0,0,12.40422
2021-06-03,0,0,18.11304
2021-06-04,0,42.55319,21.94936
2021-06-05,0,0,12.94461
2021-06-06,0,0,10.59824
2021-06-07,0,0,13.79745
2021-06-08,0,10.63829,15.2705
2021-06-09,0,0,13.54433
2021-06-10,0,0,12.50633
2021-06-11,0,0,13.74711
2021-06-12,0,0,9.48617
2021-06-13,0,0,7.88297
2021-06-14,0,0,11.72648
2021-06-15,0,0,11.9041
2021-06-16,0,0,11.33818
2021-06-17,0,0,10.78592
2021-06-18,0,0,10.9603
2021-06-19,0,0,9.80545
2021-06-20,0,0,8.65958
2021-06-21,0,0,10.27753
2021-06-22,0,0,12.17663
2021-06-23,0,0,13.01185
2021-06-24,12.76595,0,16.855
2021-06-25,0,0,14.85271
2021-06-26,0,0,10.1258
2021-06-27,0,0,8.06526
2021-06-28,0,0,9.84428
2021-06-29,0,0,11.3015
2021-06-30,0,0,10.15816
2021-07-01,0,0,9.69327
2021-07-02,0,0,10.36022
2021-07-03,0,0,8.75199
2021-07-04,0,0,7.17791
2021-07-05,0,0,8.69338
2021-07-06,0,0,10.32966
2021-07-07,0,0,11.87138
2021-07-08,0,0,10.94124
2021-07-09,0,0,9.72131
2021-07-10,0,0,8.69086
2021-07-11,0,0,7.48891
2021-07-12,0,0,9.81623
2021-07-13,0,0,13.11
2021-07-14,0,0,10.66763
2021-07-15,0,0,10.5515
2021-07-16,0,0,9.6548
2021-07-17,0,0,8.27739
2021-07-18,0,0,6.95679
2021-07-19,0,0,9.02632
2021-07-20,0,0,10.95886
2021-07-21,0,0,10.07978
2021-07-22,0,0,10.36813
2021-07-23,0,0,9.38694
2021-07-24,0,0,8.30256
2021-07-25,0,0,6.76443
2021-07-26,0,0,9.13562
2021-07-27,0,0,15.95758
2021-07-28,0,0,10.11178
2021-07-29,0,0,9.50163
2021-07-30,0,0,11.31049
2021-07-31,0,0,9.26865
2021-08-01,0,0,7.28146
2021-08-02,0,0,11.30726
2021-08-03,10.63829,0,13.83592
2021-08-04,0,0,10.75176
2021-08-05,0,0,10.44687
2021-08-06,0,0,10.03951
2021-08-07,0,0,9.01337
2021-08-08,0,0,7.1078
2021-08-09,0,0,9.97982
2021-08-10,0,0,11.31373
2021-08-11,0,0,10.97037
2021-08-12,0,0,11.18357
2021-08-13,0,0,11.64702
2021-08-14,0,0,10.45658
2021-08-15,0,0,8.60709
2021-08-16,0,0,10.58134
2021-08-17,0,0,16.22976
2021-08-18,0,0,13.73525
2021-08-19,0,0,13.89273
2021-08-20,0,0,16.39766
2021-08-21,0,0,9.88023
2021-08-22,0,0,8.10625
2021-08-23,0,0,10.64821
2021-08-24,0,0,12.41357
2021-08-25,0,0,10.94699
2021-08-26,0,0,10.30737
2021-08-27,0,0,9.64185
2021-08-28,0,0,9.11405
2021-08-29,0,0,9.04717
2021-08-30,0,0,9.95322
2021-08-31,0,0,11.80594
2021-09-01,0,0,10.58386
2021-09-02,0,0,10.43968
2021-09-03,0,0,9.45238
2021-09-04,0,0,8.49959
2021-09-05,0,0,7.71147
2021-09-06,0,0,8.50318
2021-09-07,0,0,10.03987
2021-09-08,0,0,11.7743
2021-09-09,0,0,10.48103
2021-09-10,0,0,10.21533
2021-09-11,0,0,9.2309
2021-09-12,0,0,7.95452
2021-09-13,0,0,9.11656
2021-09-14,0,0,10.82799
2021-09-15,0,0,10.27213
2021-09-16,0,0,12.00585
2021-09-17,0,0,11.28712
2021-09-18,0,0,8.75918
2021-09-19,0,0,8.27272
2021-09-20,0,0,10.87329
2021-09-21,0,0,12.40782
2021-09-22,0,0,10.57235
2021-09-23,0,0,11.47732
2021-09-24,0,0,11.25476
2021-09-25,0,0,11.16919
2021-09-26,0,0,8.1102
2021-09-27,0,0,9.40779
2021-09-28,0,0,13.31998
2021-09-29,0,0,11.85664
2021-09-30,0,0,10.72156
2021-10-01,0,0,9.30784
2021-10-02,0,0,8.09582
2021-10-03,0,0,8.39532
2021-10-04,0,0,10.59069
2021-10-05,0,0,13.39225
2021-10-06,0,0,11.54491
2021-10-07,0,0,10.30377
2021-10-08,0,0,10.17578
2021-10-09,0,0,8.08503
2021-10-10,0,0,7.17611
2021-10-11,0,0,10.14665
2021-10-12,0,0,12.63613
2021-10-13,0,0,11.85556
2021-10-14,0,0,11.04012
2021-10-15,0,0,11.4011
2021-10-16,0,0,11.88253
2021-10-17,0,0,8.23137
2021-10-18,0,0,10.61442
2021-10-19,0,0,18.84507
2021-10-20,0,0,13.74388
2021-10-21,0,0,21.58982
2021-10-22,0,0,18.90835
2021-10-23,0,0,21.36439
2021-10-24,0,0,11.43885
2021-10-25,0,0,23.67805
2021-10-26,27.65957,0,84.39152
2021-10-27,0,0,40.26555
2021-10-28,0,0,28.45637
2021-10-29,10.63829,0,24.63335
2021-10-30,0,0,20.89806
2021-10-31,0,0,12.3111
2021-11-01,10.63829,0,19.23949
2021-11-02,38.29787,0,48.6091
2021-11-03,0,0,28.60342
2021-11-04,0,0,26.24662
2021-11-05,0,0,21.90047
2021-11-06,0,0,14.56364
2021-11-07,0,0,13.59107
2021-11-08,0,0,24.90049
2021-11-09,0,0,26.5605
2021-11-10,0,0,43.5924
2021-11-11,0,0,33.26525
2021-11-12,0,0,21.86739
2021-11-13,0,0,22.4067
2021-11-14,0,0,14.42809
2021-11-15,0,0,17.56294
2021-11-16,0,0,24.80234
2021-11-17,0,0,19.80289
2021-11-18,0,0,17.7348
2021-11-19,0,0,15.22987
2021-11-20,0,0,12.85868
2021-11-21,0,0,9.71304
2021-11-22,0,0,13.97255
2021-11-23,0,0,18.24787
2021-11-24,0,0,17.60033
2021-11-25,0,0,14.29973
2021-11-26,0,0,11.41081
2021-11-27,0,0,11.51471
2021-11-28,0,0,8.52835
2021-11-29,0,0,11.04227
2021-11-30,0,0,14.77505
2021-12-01,0,0,13.67952
2021-12-02,0,0,14.36769
2021-12-03,0,0,13.28546
2021-12-04,0,0,14.5151
2021-12-05,0,0,7.92719
2021-12-06,0,0,12.46211
2021-12-07,0,0,16.78022
2021-12-08,0,0,13.40303
2021-12-09,0,0,12.85832
2021-12-10,0,0,18.15187
2021-12-11,0,0,11.23786
2021-12-12,0,0,7.43858
2021-12-13,0,0,9.46388
2021-12-14,0,0,20.03264
2021-12-15,0,0,15.83498
2021-12-16,0,0,14.23897
2021-12-17,0,0,16.57312
2021-12-18,0,0,11.69017
2021-12-19,0,0,6.86906
2021-12-20,0,0,9.99493
2021-12-21,0,0,16.12944
2021-12-22,0,0,14.77936
2021-12-23,0,0,16.9679
2021-12-24,0,0,13.26425
2021-12-25,0,0,7.16496
2021-12-26,0,0,6.39554
2021-12-27,0,0,8.92852
2021-12-28,0,0,12.84682
2021-12-29,0,0,12.32297
2021-12-30,0,0,11.26339
2021-12-31,0,0,9.67565
2022-01-01,0,0,8.15622
2022-01-02,0,0,6.22152
2022-01-03,0,0,14.97783
2022-01-04,31.91489,0,32.09602
2022-01-05,0,0,16.69393
2022-01-06,0,0,15.60991
2022-01-07,0,0,12.85293
2022-01-08,0,0,10.20202
2022-01-09,0,0,7.03876
2022-01-10,0,0,10.46197
2022-01-11,0,0,14.38926
2022-01-12,0,0,11.7254
2022-01-13,0,0,11.42986
2022-01-14,0,0,14.75743
2022-01-15,0,0,9.06479
2022-01-16,0,0,7.23795
2022-01-17,0,0,8.06706
2022-01-18,0,0,10.03843
2022-01-19,0,0,12.98488
2022-01-20,0,0,12.55379
2022-01-21,0,0,12.76053
2022-01-22,0,0,12.79073
2022-01-23,0,0,7.86032
2022-01-24,0,0,13.53462
2022-01-25,0,0,21.6042
2022-01-26,0,0,17.0319
2022-01-27,0,0,22.2014
2022-01-28,0,0,39.32283
2022-01-29,0,0,17.30227
2022-01-30,0,0,8.53626
2022-01-31,0,0,9.11764
2022-02-01,0,0,18.90188
2022-02-02,0,0,15.09648
2022-02-03,0,0,16.86291
2022-02-04,0,0,15.94536
2022-02-05,0,0,10.78844
2022-02-06,0,0,6.9762
2022-02-07,0,0,9.33445
2022-02-08,0,0,11.9983
2022-02-09,0,0,11.24577
2022-02-10,0,0,11.2731
2022-02-11,0,0,10.23007
2022-02-12,0,0,10.20022
2022-02-13,0,0,6.74142
2022-02-14,0,0,9.68033
2022-02-15,0,0,13.38757
2022-02-16,0,0,11.93538
2022-02-17,0,0,10.42314
2022-02-18,0,0,11.45575
2022-02-19,0,0,9.42145
2022-02-20,0,0,6.13415
2022-02-21,0,0,8.49168
2022-02-22,0,0,10.31564
2022-02-23,0,0,12.49662
2022-02-24,0,0,28.27049
2022-02-25,0,0,19.0252
2022-02-26,0,0,9.9863
2022-02-27,0,0,6.61738
2022-02-28,0,0,9.5117
2022-03-01,0,0,14.24256
2022-03-02,0,0,11.26411
2022-03-03,0,0,10.67518
2022-03-04,0,0,10.90565
2022-03-05,0,0,8.6808
2022-03-06,0,0,5.65848
2022-03-07,0,0,7.88693
2022-03-08,0,0,11.95156
2022-03-09,0,0,8.85589
2022-03-10,0,0,9.6832
2022-03-11,0,0,10.51303
2022-03-12,0,0,10.26746
2022-03-13,0,0,6.4261
2022-03-14,0,0,9.78028
2022-03-15,0,0,16.37645
2022-03-16,0,0,13.4602
2022-03-17,0,0,12.97302
2022-03-18,10.63829,0,11.83291
2022-03-19,0,0,9.90108
2022-03-20,0,0,6.65298
2022-03-21,0,0,8.84187
2022-03-22,0,0,11.68046
2022-03-23,10.63829,0,19.58861
2022-03-24,0,0,15.76846
2022-03-25,0,0,13.99124
2022-03-26,0,0,9.89929
2022-03-27,0,0,6.70619
2022-03-28,0,0,16.67847
2022-03-29,23.40425,0,28.32945
2022-03-30,0,0,17.25805
2022-03-31,0,0,14.23358
2022-04-01,0,0,12.38948
2022-04-02,0,0,9.30424
2022-04-03,0,0,8.63981
2022-04-04,0,0,10.6288
2022-04-05,0,0,18.96696
2022-04-06,0,0,15.5344
2022-04-07,0,0,13.89992
2022-04-08,0,0,12.89967
2022-04-09,0,0,9.29705
2022-04-10,0,0,6.49226
2022-04-11,0,0,10.53064
2022-04-12,0,0,13.95385
2022-04-13,0,0,12.48404
2022-04-14,0,0,12.87558
2022-04-15,0,0,11.91129
2022-04-16,0,0,7.51013
2022-04-17,0,0,6.62205
2022-04-18,0,0,9.85111
2022-04-19,0,0,12.72889
2022-04-20,0,0,14.37559
2022-04-21,0,0,29.10786
2022-04-22,0,0,17.61759
2022-04-23,0,0,11.03976
2022-04-24,0,0,7.71111
2022-04-25,0,0,11.37809
2022-04-26,0,0,19.6713
2022-04-27,0,0,36.25485
2022-04-28,0,0,20.51155
2022-04-29,0,0,20.46553
2022-04-30,0,0,13.73237
2022-05-01,0,0,7.31453
2022-05-02,0,0,10.76399
2022-05-03,0,0,13.0327
2022-05-04,0,0,11.47624
2022-05-05,0,0,11.99542
2022-05-06,0,0,17.6273
2022-05-07,0,0,10.46269
2022-05-08,0,0,7.10636
2022-05-09,0,0,11.76316
2022-05-10,0,0,23.60254
2022-05-11,0,0,16.28908
2022-05-12,0,0,26.55439
2022-05-13,0,0,20.26527
2022-05-14,0,0,12.19281
2022-05-15,0,0,6.93054
2022-05-16,0,0,10.96461
2022-05-17,0,0,16.42391
2022-05-18,0,0,13.64644
2022-05-19,0,0,21.53229
2022-05-20,0,0,16.9697
2022-05-21,0,0,28.09107
2022-05-22,0,0,9.813
2022-05-23,0,0,15.88963
2022-05-24,0,0,20.70966
2022-05-25,0,0,24.70166
2022-05-26,0,0,18.39205
2022-05-27,0,0,17.80563
2022-05-28,0,0,13.07117
2022-05-29,0,0,7.64316
2022-05-30,0,0,10.92183
2022-05-31,0,0,12.70552
2022-06-01,0,0,11.64307
2022-06-02,0,0,12.35101
2022-06-03,0,0,15.20578
2022-06-04,0,0,16.09673
2022-06-05,0,0,8.51864
2022-06-06,0,0,10.31024
2022-06-07,0,0,14.06207
2022-06-08,0,0,13.80716
2022-06-09,0,0,14.34324
2022-06-10,0,0,14.30045
2022-06-11,0,0,14.58341
2022-06-12,0,0,12.15973
2022-06-13,0,0,18.03286
2022-06-14,0,0,23.07114
2022-06-15,0,0,17.95448
2022-06-16,0,0,17.23216
2022-06-17,0,0,22.41749
2022-06-18,0,0,12.77347
2022-06-19,0,0,9.34056
2022-06-20,0,0,11.65314
2022-06-21,0,0,14.79195
2022-06-22,0,0,19.4509
2022-06-23,0,0,15.14178
2022-06-24,0,0,13.38829
2022-06-25,0,0,9.89533
2022-06-26,0,0,6.43114
2022-06-27,0,0,9.62532
2022-06-28,0,0,11.81889
2022-06-29,0,0,13.03953
2022-06-30,0,0,12.83927
2022-07-01,0,0,11.52083
2022-07-02,0,0,8.71387
2022-07-03,0,0,7.4544
2022-07-04,0,0,8.27595
2022-07-05,0,0,11.47229
2022-07-06,0,0,11.63372
2022-07-07,0,0,10.87509
2022-07-08,0,0,10.99625
2022-07-09,0,0,10.68273
2022-07-10,0,0,5.97164
2022-07-11,0,0,9.59332
2022-07-12,0,0,13.82406
2022-07-13,0,0,11.41476
2022-07-14,0,0,11.76675
2022-07-15,0,0,10.72516
2022-07-16,0,0,7.72621
2022-07-17,0,0,5.36078
2022-07-18,0,0,9.12232
2022-07-19,0,0,10.98115
2022-07-20,0,0,13.03198
2022-07-21,0,0,21.75737
2022-07-22,12.76595,0,22.75977
2022-07-23,0,0,9.83529
2022-07-24,0,0,5.51826
2022-07-25,0,0,10.83769
2022-07-26,0,0,11.20227
2022-07-27,0,0,10.77585
2022-07-28,0,0,12.39272
2022-07-29,0,0,11.02933
2022-07-30,0,10.63829,10.10243
2022-07-31,0,0,5.69623
2022-08-01,0,0,10.80965
2022-08-02,0,0,13.18767
2022-08-03,0,0,13.23548
2022-08-04,0,0,15.14466
2022-08-05,0,0,17.68914
2022-08-06,0,0,13.68132
2022-08-07,0,0,6.18341
2022-08-08,0,0,12.36611
2022-08-09,0,0,14.00634
2022-08-10,0,0,15.09468
2022-08-11,0,0,13.15279
2022-08-12,0,0,10.25344
2022-08-13,0,0,9.65192
2022-08-14,0,0,5.81812
2022-08-15,0,0,7.92108
2022-08-16,0,0,14.16095
2022-08-17,0,0,13.38398
2022-08-18,0,0,12.38085
2022-08-19,0,0,10.47527
2022-08-20,0,0,7.66868
2022-08-21,0,0,5.26226
2022-08-22,0,0,9.42325
2022-08-23,0,0,11.3184
2022-08-24,0,0,12.1565
2022-08-25,0,0,21.35432
2022-08-26,0,0,16.41097
2022-08-27,0,0,10.52022
2022-08-28,0,0,5.72068
2022-08-29,0,0,9.43476
2022-08-30,0,0,11.17638
2022-08-31,0,0,10.51446
2022-09-01,0,0,9.80617
2022-09-02,0,0,9.46496
2022-09-03,0,0,7.69817
2022-09-04,0,0,5.14901
2022-09-05,0,0,6.57316
2022-09-06,0,0,7.84342
2022-09-07,0,0,9.96796
2022-09-08,0,0,9.41678
2022-09-09,0,0,8.22346
2022-09-10,0,0,9.09859
2022-09-11,0,0,5.97092
2022-09-12,0,0,7.63704
2022-09-13,0,0,12.41609
2022-09-14,0,0,13.65579
2022-09-15,0,0,12.33591
2022-09-16,0,0,10.56983
2022-09-17,0,0,7.56981
2022-09-18,0,0,5.08141
2022-09-19,0,0,7.94841
2022-09-20,0,0,10.3444
2022-09-21,0,0,9.90001
2022-09-22,0,0,11.0491
2022-09-23,0,0,11.38708
2022-09-24,0,0,8.33096
2022-09-25,0,0,5.07027
2022-09-26,0,0,9.44015
2022-09-27,0,0,10.348
2022-09-28,0,0,11.28964
2022-09-29,0,0,10.57882
2022-09-30,0,0,12.22661
2022-10-01,0,0,10.88695
2022-10-02,0,0,6.19672
2022-10-03,0,0,17.0132
2022-10-04,0,0,28.58437
2022-10-05,0,0,15.26726
2022-10-06,0,0,13.238
2022-10-07,0,0,10.90097
2022-10-08,0,14.89361,10.27069
2022-10-09,0,0,7.2926
2022-10-10,0,0,8.30543
2022-10-11,0,0,11.83363
2022-10-12,0,0,12.62318
2022-10-13,0,0,12.42184
2022-10-14,0,0,11.21881
2022-10-15,0,0,12.71055
2022-10-16,0,0,6.29379
2022-10-17,0,0,10.22539
2022-10-18,10.63829,0,13.16034
2022-10-19,0,0,13.32573
2022-10-20,0,0,24.55605
2022-10-21,0,0,14.13218
2022-10-22,0,0,8.63585
2022-10-23,0,0,5.26011
2022-10-24,0,0,11.28784
2022-10-25,0,0,13.2265
2022-10-26,0,0,12.24279
2022-10-27,0,0,11.60028
2022-10-28,0,0,11.26447
2022-10-29,0,0,8.14076
2022-10-30,0,0,4.20629
2022-10-31,0,0,6.83742
2022-11-01,0,0,9.68104
2022-11-02,0,0,8.87603
2022-11-03,0,0,10.15241
2022-11-04,0,0,8.92852
2022-11-05,0,0,9.76266
2022-11-06,0,0,5.21013
2022-11-07,0,0,8.32161
2022-11-08,0,0,22.44949
2022-11-09,0,0,20.98363
2022-11-10,0,0,24.69268
2022-11-11,0,0,19.05217
2022-11-12,0,0,11.04659
2022-11-13,0,0,5.90944
2022-11-14,0,0,9.77129
2022-11-15,0,0,12.8141
2022-11-16,0,0,11.00129
2022-11-17,0,0,11.30438
2022-11-18,0,0,10.52777
2022-11-19,0,0,9.61201
2022-11-20,0,0,5.17418
2022-11-21,0,0,8.4906
2022-11-22,0,0,20.88548
2022-11-23,0,0,14.14836
2022-11-24,0,0,13.33184
2022-11-25,0,0,8.76817
2022-11-26,0,0,6.78565
2022-11-27,0,0,4.49392
2022-11-28,0,0,7.47165
2022-11-29,0,0,9.98738
2022-11-30,0,0,9.04609
2022-12-01,0,0,11.54779
2022-12-02,0,0,9.98917
2022-12-03,0,0,5.9382
2022-12-04,0,0,4.36233
2022-12-05,0,0,7.72873
2022-12-06,0,0,11.825
2022-12-07,0,0,10.12832
2022-12-08,0,0,12.1529
2022-12-09,0,0,11.91021
2022-12-10,10.63829,0,8.38417
2022-12-11,0,0,5.11881
2022-12-12,0,0,8.09187
2022-12-13,0,10.63829,24.7556
2022-12-14,0,36.17021,27.92137
2022-12-15,0,0,23.35446
2022-12-16,0,10.63829,15.75336
2022-12-17,0,0,14.05452
2022-12-18,0,0,6.69936
2022-12-19,0,0,11.70994
2022-12-20,0,0,17.52123
2022-12-21,12.76595,0,36.18043
2022-12-22,0,0,21.04655
2022-12-23,0,10.63829,40.17459
2022-12-24,0,0,18.4636
2022-12-25,0,0,11.8872
2022-12-26,0,10.63829,16.00972
2022-12-27,0,0,22.87267
2022-12-28,0,29.78723,68.82224
2022-12-29,0,0,37.06311
2022-12-30,14.89361,23.40425,25.31073
2022-12-31,0,0,14.35438
2023-01-01,0,10.63829,10.43429
2023-01-02,0,0,13.68923
2023-01-03,0,0,28.30968
2023-01-04,0,10.63829,61.23481
2023-01-05,10.63829,0,28.14896
2023-01-06,0,0,31.25937
2023-01-07,0,0,23.43356
2023-01-08,0,0,13.07225
2023-01-09,0,0,23.80928
2023-01-10,10.63829,0,30.30298
2023-01-11,0,10.63829,21.25077
2023-01-12,0,0,19.69611
2023-01-13,0,0,21.26192
2023-01-14,0,0,15.76379
2023-01-15,0,0,12.10688
2023-01-16,0,0,14.00527
2023-01-17,0,0,16.08558
2023-01-18,46.80851,0,23.88982
2023-01-19,0,0,17.53705
2023-01-20,0,0,16.10679
2023-01-21,0,0,12.66597
2023-01-22,0,0,8.93607
2023-01-23,0,0,9.90504
2023-01-24,14.89361,0,19.07554
2023-01-25,0,0,18.96947
2023-01-26,0,0,33.36053
2023-01-27,0,0,29.38327
2023-01-28,21.27659,0,29.70147
2023-01-29,0,0,9.89353
2023-01-30,0,0,20.94157
2023-01-31,0,0,25.33554
2023-02-01,0,0,19.03275
2023-02-02,0,0,22.03242
2023-02-03,0,0,25.89391
2023-02-04,0,0,18.10765
2023-02-05,0,0,9.08708
2023-02-06,0,0,14.09263
2023-02-07,10.63829,0,18.31906
2023-02-08,0,0,17.13868
2023-02-09,0,0,20.50328
2023-02-10,0,0,21.12925
2023-02-11,0,0,13.56195
2023-02-12,0,0,7.36631
2023-02-13,0,0,12.40926
2023-02-14,0,0,16.59254
2023-02-15,34.04255,0,22.82197
2023-02-16,0,0,18.31942
2023-02-17,0,0,20.48387
2023-02-18,0,0,11.78653
2023-02-19,0,0,6.14314
2023-02-20,0,0,9.33696
2023-02-21,0,0,11.82428
2023-02-22,0,0,15.43804
2023-02-23,0,0,13.58208
2023-02-24,0,0,12.02383
2023-02-25,0,0,8.13249
2023-02-26,0,0,4.8905
2023-02-27,0,0,9.13562
2023-02-28,0,0,17.73516
2023-03-01,0,0,17.72977
2023-03-02,0,0,34.85084
2023-03-03,0,0,18.34854
2023-03-04,0,0,10.54035
2023-03-05,0,0,6.40813
2023-03-06,0,0,9.81623
2023-03-07,0,0,12.9723
2023-03-08,0,0,13.31854
2023-03-09,0,0,14.99796
2023-03-10,0,0,13.97938
2023-03-11,0,0,9.20537
2023-03-12,0,0,5.39134
2023-03-13,0,0,11.16344
2023-03-14,0,0,13.38505
2023-03-15,0,0,12.06517
2023-03-16,0,0,10.84129
2023-03-17,0,0,10.66439
2023-03-18,0,0,7.07004
2023-03-19,0,0,4.45149
2023-03-20,0,0,7.72082
2023-03-21,0,0,10.82906
2023-03-22,17.02127,0,15.1612
2023-03-23,0,0,13.57849
2023-03-24,0,0,11.3806
2023-03-25,0,0,6.92191
2023-03-26,0,0,5.0638
2023-03-27,0,0,8.25042
2023-03-28,0,0,10.2067
2023-03-29,0,0,10.10135
2023-03-30,0,0,11.55211
2023-03-31,0,0,9.88239
2023-04-01,17.02127,0,10.1578
2023-04-02,0,0,6.17946
2023-04-03,0,0,12.86552
2023-04-04,0,0,16.92619
2023-04-05,0,0,12.32368
2023-04-06,0,0,12.55235
2023-04-07,0,0,11.30474
2023-04-08,0,0,7.7485
2023-04-09,0,0,5.93677
2023-04-10,0,0,11.45215
2023-04-11,0,0,12.25933
2023-04-12,0,0,11.26375
2023-04-13,0,0,11.48092
2023-04-14,0,0,10.19016
2023-04-15,0,0,7.2002
2023-04-16,0,0,5.26694
2023-04-17,0,0,9.43476
2023-04-18,0,0,12.15973
2023-04-19,0,0,13.57022
2023-04-20,0,10.63829,34.07674
2023-04-21,0,36.17021,36.99515
2023-04-22,0,0,13.23872
2023-04-23,0,0,7.38752
2023-04-24,0,0,11.33171
2023-04-25,0,0,14.55501
2023-04-26,0,0,14.40508
2023-04-27,0,0,17.262
2023-04-28,0,0,11.94796
2023-04-29,0,0,8.54345
2023-04-30,0,0,5.83789
2023-05-01,0,0,7.074
2023-05-02,0,0,11.37881
2023-05-03,0,0,11.04803
2023-05-04,0,0,11.04587
2023-05-05,0,0,8.60709
2023-05-06,0,0,9.43979
2023-05-07,0,0,5.76562
2023-05-08,0,0,9.0274
2023-05-09,0,0,10.63959
2023-05-10,0,0,10.11897
2023-05-11,0,0,10.15708
2023-05-12,0,0,11.04982
2023-05-13,0,0,7.59282
2023-05-14,0,0,4.87072
2023-05-15,0,0,7.49718
2023-05-16,0,0,9.64545
2023-05-17,0,0,10.25452
2023-05-18,0,0,11.4313
2023-05-19,0,0,10.21676
2023-05-20,0,0,7.41341
2023-05-21,0,0,4.91782
2023-05-22,0,0,8.29752
2023-05-23,36.17021,0,13.65795
2023-05-24,0,0,11.21989
2023-05-25,0,0,11.42986
2023-05-26,0,0,10.77405
2023-05-27,0,0,9.58972
2023-05-28,0,0,7.28217
2023-05-29,0,12.76595,7.61259
2023-05-30,0,0,12.85761
2023-05-31,0,0,13.59215
2023-06-01,0,0,12.51999
2023-06-02,0,0,12.66956
2023-06-03,0,0,9.83457
2023-06-04,0,0,5.99969
2023-06-05,0,0,10.63959
2023-06-06,0,0,10.46485
2023-06-07,10.63829,0,17.0887
2023-06-08,0,0,15.62321
2023-06-09,44.68085,0,30.71466
2023-06-10,17.02127,0,16.40018
2023-06-11,0,0,8.31586
2023-06-12,10.63829,0,14.13542
2023-06-13,12.76595,0,22.57928
2023-06-14,34.04255,0,24.22743
2023-06-15,14.89361,0,18.49955
2023-06-16,0,0,15.00803
2023-06-17,0,0,9.80329
2023-06-18,0,0,6.30386
2023-06-19,0,0,9.3348
2023-06-20,0,0,12.47973
2023-06-21,0,0,23.31778
2023-06-22,0,0,19.27544
2023-06-23,0,0,14.26018
2023-06-24,0,0,8.65455
2023-06-25,0,0,5.46936
2023-06-26,0,0,9.87987
2023-06-27,0,0,16.76548
2023-06-28,0,0,14.12032
2023-06-29,0,0,12.82381
2023-06-30,0,0,11.22384
2023-07-01,0,0,8.70992
2023-07-02,0,0,7.4526
2023-07-03,0,0,23.86824
2023-07-04,0,0,20.88296
2023-07-05,0,0,13.77048
2023-07-06,0,0,14.70026
2023-07-07,0,0,12.11479
2023-07-08,0,0,8.23424
2023-07-09,0,0,5.30181
2023-07-10,0,0,9.27764
2023-07-11,0,0,12.05906
2023-07-12,0,0,11.28389
2023-07-13,0,0,11.60676
2023-07-14,0,0,33.53419
2023-07-15,0,0,21.99934
2023-07-16,0,0,13.54505
2023-07-17,0,0,23.04777
2023-07-18,0,0,23.97898
2023-07-19,10.63829,0,23.46663
2023-07-20,0,0,37.00594
2023-07-21,0,0,35.24777
2023-07-22,0,0,13.2362
2023-07-23,0,0,8.44673
2023-07-24,0,0,13.84527
2023-07-25,0,0,17.30012
2023-07-26,0,0,14.71392
2023-07-27,0,0,13.6655
2023-07-28,0,0,14.37559
2023-07-29,0,0,10.09524
2023-07-30,0,0,6.83886
2023-07-31,0,0,10.17829
2023-08-01,0,0,12.7048
2023-08-02,0,0,13.62487
2023-08-03,0,0,12.17915
2023-08-04,0,0,10.69819
2023-08-05,0,0,8.28422
2023-08-06,0,0,6.1942
2023-08-07,0,0,10.00248
2023-08-08,0,0,12.58939
2023-08-09,0,0,10.23258
2023-08-10,0,0,10.25452
2023-08-11,0,0,10.03268
2023-08-12,0,0,7.85169
2023-08-13,0,0,5.74729
2023-08-14,0,0,9.39449
2023-08-15,0,0,10.19447
2023-08-16,0,0,13.48465
2023-08-17,0,0,13.18335
2023-08-18,0,0,13.01832
2023-08-19,0,0,8.6283
2023-08-20,0,0,6.64147
2023-08-21,0,0,11.58842
2023-08-22,0,0,15.74186
2023-08-23,0,0,12.16225
2023-08-24,0,0,12.00153
2023-08-25,0,0,10.24984
2023-08-26,0,0,9.08636
2023-08-27,0,0,6.196
2023-08-28,0,0,11.67004
2023-08-29,0,0,12.01232
2023-08-30,19.14893,0,15.46932
2023-08-31,0,0,11.06169
2023-09-01,0,0,14.90448
2023-09-02,0,0,14.80022
2023-09-03,0,0,8.49923
2023-09-04,0,0,11.0998
2023-09-05,0,0,11.27562
2023-09-06,0,0,12.64116
2023-09-07,0,0,12.10149
2023-09-08,0,0,11.20802
2023-09-09,0,0,8.18391
2023-09-10,0,0,6.19564
2023-09-11,0,0,14.54818
2023-09-12,72.34042,0,28.72423
2023-09-13,0,0,14.39645
2023-09-14,0,0,12.26508
2023-09-15,0,0,11.63588
2023-09-16,0,0,7.93475
2023-09-17,0,0,6.42467
2023-09-18,0,0,9.49049
2023-09-19,0,0,11.6384
2023-09-20,0,0,9.47754
2023-09-21,0,0,9.79322
2023-09-22,0,0,9.12303
2023-09-23,0,0,8.57869
2023-09-24,0,0,5.39961
2023-09-25,0,0,9.18164
2023-09-26,0,0,15.19176
2023-09-27,0,0,9.24025
2023-09-28,0,0,7.47058
2023-09-29,0,0,7.99695
2023-09-30,0,0,6.47716
2023-10-01,0,0,5.57003
2023-10-02,0,0,7.64927
2023-10-03,0,0,8.30867
2023-10-04,0,0,9.84607
